{"count":1,"self":2.2393807999999997,"total":3.2563684,"children":{"AgentResetIfDone":{"count":1,"self":0,"total":0,"children":null},"AgentSendState":{"count":1,"self":0.013990599999999999,"total":0.014990499999999999,"children":{"CollectObservations":{"count":1,"self":0.0009999,"total":0.0009999,"children":null}}},"DecideAction":{"count":1,"self":0.99600729999999993,"total":0.99600729999999993,"children":null},"AcademyStep":{"count":1,"self":0,"total":0,"children":null},"AgentAct":{"count":1,"self":0.0019938,"total":0.0019938,"children":null}}}