{"count":1,"self":9.8896064,"total":11.9474292,"children":{"AgentResetIfDone":{"count":325,"self":0.0069793,"total":0.0069793,"children":null},"AgentSendState":{"count":325,"self":0.0079124,"total":0.0367985,"children":{"CollectObservations":{"count":325,"self":0.028886099999999998,"total":0.028886099999999998,"children":null}}},"DecideAction":{"count":325,"self":2.0080542,"total":2.0080542,"children":null},"AcademyStep":{"count":325,"self":0,"total":0,"children":null},"AgentAct":{"count":325,"self":0.0019952,"total":0.0019952,"children":null}}}